{
  "Signout" : {
    "transaction" : "Signout",
    "sampleCount" : 2136,
    "errorCount" : 0,
    "errorPct" : 0.0,
    "meanResTime" : 525.096441947566,
    "medianResTime" : 481.0,
    "minResTime" : 463.0,
    "maxResTime" : 8201.0,
    "pct1ResTime" : 518.0,
    "pct2ResTime" : 636.7499999999993,
    "pct3ResTime" : 1471.9200000000092,
    "throughput" : 0.4699852997575483,
    "receivedKBytesPerSec" : 1.93269868540535,
    "sentKBytesPerSec" : 0.0
  },
  "Click AngelFish" : {
    "transaction" : "Click AngelFish",
    "sampleCount" : 2144,
    "errorCount" : 0,
    "errorPct" : 0.0,
    "meanResTime" : 211.5736940298506,
    "medianResTime" : 161.0,
    "minResTime" : 0.0,
    "maxResTime" : 26873.0,
    "pct1ResTime" : 177.0,
    "pct2ResTime" : 205.75,
    "pct3ResTime" : 717.2000000000007,
    "throughput" : 0.4717759592301074,
    "receivedKBytesPerSec" : 0.8449456510079151,
    "sentKBytesPerSec" : 0.0
  },
  "AddToCart" : {
    "transaction" : "AddToCart",
    "sampleCount" : 2140,
    "errorCount" : 0,
    "errorPct" : 0.0,
    "meanResTime" : 181.65186915887875,
    "medianResTime" : 161.0,
    "minResTime" : 0.0,
    "maxResTime" : 7862.0,
    "pct1ResTime" : 176.0,
    "pct2ResTime" : 209.0,
    "pct3ResTime" : 679.5700000000033,
    "throughput" : 0.47089961410436765,
    "receivedKBytesPerSec" : 1.0076687872552559,
    "sentKBytesPerSec" : 0.0
  },
  "Click FISH" : {
    "transaction" : "Click FISH",
    "sampleCount" : 2146,
    "errorCount" : 0,
    "errorPct" : 0.0,
    "meanResTime" : 189.3345759552654,
    "medianResTime" : 160.0,
    "minResTime" : 0.0,
    "maxResTime" : 26785.0,
    "pct1ResTime" : 175.0,
    "pct2ResTime" : 200.0,
    "pct3ResTime" : 658.7600000000184,
    "throughput" : 0.4722135549495066,
    "receivedKBytesPerSec" : 0.8050909499315004,
    "sentKBytesPerSec" : 0.0
  },
  "Confirm" : {
    "transaction" : "Confirm",
    "sampleCount" : 2137,
    "errorCount" : 14,
    "errorPct" : 0.655124,
    "meanResTime" : 233.86382779597568,
    "medianResTime" : 162.0,
    "minResTime" : 0.0,
    "maxResTime" : 57509.0,
    "pct1ResTime" : 179.0,
    "pct2ResTime" : 222.0,
    "pct3ResTime" : 711.8199999999988,
    "throughput" : 0.47023812929282083,
    "receivedKBytesPerSec" : 1.0502013825870182,
    "sentKBytesPerSec" : 0.0
  },
  "Continue" : {
    "transaction" : "Continue",
    "sampleCount" : 2138,
    "errorCount" : 1,
    "errorPct" : 0.046772685,
    "meanResTime" : 225.54630495790454,
    "medianResTime" : 161.0,
    "minResTime" : 0.0,
    "maxResTime" : 57516.0,
    "pct1ResTime" : 177.0,
    "pct2ResTime" : 215.0,
    "pct3ResTime" : 677.8700000000085,
    "throughput" : 0.4704547589975573,
    "receivedKBytesPerSec" : 0.9154522810234438,
    "sentKBytesPerSec" : 0.0
  },
  "Launch" : {
    "transaction" : "Launch",
    "sampleCount" : 2152,
    "errorCount" : 0,
    "errorPct" : 0.0,
    "meanResTime" : 767.9335501858741,
    "medianResTime" : 667.0,
    "minResTime" : 323.0,
    "maxResTime" : 11018.0,
    "pct1ResTime" : 779.4000000000001,
    "pct2ResTime" : 1146.4499999999994,
    "pct3ResTime" : 3262.1099999999774,
    "throughput" : 0.473453910075878,
    "receivedKBytesPerSec" : 4.160143260165234,
    "sentKBytesPerSec" : 0.0
  },
  "Checkout" : {
    "transaction" : "Checkout",
    "sampleCount" : 2138,
    "errorCount" : 0,
    "errorPct" : 0.0,
    "meanResTime" : 180.42609915809132,
    "medianResTime" : 161.0,
    "minResTime" : 154.0,
    "maxResTime" : 5981.0,
    "pct1ResTime" : 175.0,
    "pct2ResTime" : 202.0,
    "pct3ResTime" : 559.4700000000034,
    "throughput" : 0.470461487952181,
    "receivedKBytesPerSec" : 1.1029088569986316,
    "sentKBytesPerSec" : 0.0
  },
  "Debug Sampler" : {
    "transaction" : "Debug Sampler",
    "sampleCount" : 2136,
    "errorCount" : 0,
    "errorPct" : 0.0,
    "meanResTime" : 1.5346441947565537,
    "medianResTime" : 0.0,
    "minResTime" : 0.0,
    "maxResTime" : 1348.0,
    "pct1ResTime" : 1.0,
    "pct2ResTime" : 1.0,
    "pct3ResTime" : 1.0,
    "throughput" : 0.47004073466310553,
    "receivedKBytesPerSec" : 0.31799306641779007,
    "sentKBytesPerSec" : 0.0
  },
  "jp@gc - Dummy Sampler" : {
    "transaction" : "jp@gc - Dummy Sampler",
    "sampleCount" : 2133,
    "errorCount" : 0,
    "errorPct" : 0.0,
    "meanResTime" : 284.3506797937175,
    "medianResTime" : 288.0,
    "minResTime" : 51.0,
    "maxResTime" : 2390.0,
    "pct1ResTime" : 459.0,
    "pct2ResTime" : 482.0,
    "pct3ResTime" : 498.0,
    "throughput" : 0.47336568997543294,
    "receivedKBytesPerSec" : 0.052698914704296246,
    "sentKBytesPerSec" : 0.0
  },
  "Total" : {
    "transaction" : "Total",
    "sampleCount" : 4285,
    "errorCount" : 0,
    "errorPct" : 0.0,
    "meanResTime" : 143.0714119019839,
    "medianResTime" : 51.0,
    "minResTime" : 0.0,
    "maxResTime" : 2390.0,
    "pct1ResTime" : 416.0,
    "pct2ResTime" : 460.6999999999998,
    "pct3ResTime" : 495.0,
    "throughput" : 0.942942204134554,
    "receivedKBytesPerSec" : 0.3737333408959425,
    "sentKBytesPerSec" : 0.0
  },
  "Click EST-1" : {
    "transaction" : "Click EST-1",
    "sampleCount" : 2140,
    "errorCount" : 0,
    "errorPct" : 0.0,
    "meanResTime" : 178.6873831775699,
    "medianResTime" : 161.0,
    "minResTime" : 154.0,
    "maxResTime" : 8655.0,
    "pct1ResTime" : 176.0,
    "pct2ResTime" : 204.0,
    "pct3ResTime" : 628.4500000000226,
    "throughput" : 0.4708981634311489,
    "receivedKBytesPerSec" : 0.8311884648598847,
    "sentKBytesPerSec" : 0.0
  },
  "Signin" : {
    "transaction" : "Signin",
    "sampleCount" : 2148,
    "errorCount" : 0,
    "errorPct" : 0.0,
    "meanResTime" : 724.1405959031658,
    "medianResTime" : 642.0,
    "minResTime" : 494.0,
    "maxResTime" : 8875.0,
    "pct1ResTime" : 691.1000000000001,
    "pct2ResTime" : 860.55,
    "pct3ResTime" : 2514.559999999963,
    "throughput" : 0.47260226954698825,
    "receivedKBytesPerSec" : 2.8777205278552613,
    "sentKBytesPerSec" : 0.0
  }
}